Metric,PICK-&-PLACE,WALKING,PASSING-BY
CA_error,0.0005948401085791919,8.308792031658954e-05,0.00560975499944194
IMM_error,0.0007817389851901537,0.0008356989939167229,0.007765218467482402
CA_RMSE,0.03877815760206562,0.0397834218597636,0.07411831269628218
IMM_RMSE,0.03897776835488131,0.04046408799072567,0.08784168261889402
CA_std,0.037119019253505005,0.0383451075119874,0.05774095728597876
IMM_std,0.037405744046054026,0.03942105508884162,0.06979869386721575
CA_perc,86.95826959273312,82.57665530110978,58.24662762313728
IMM_perc,88.64583049350011,83.72832152919375,62.71985948163484
