Metric,PICK-&-PLACE,WALKING,PASSING-BY
CA_error,0.0003134205166832526,0.0,0.0
IMM_error,-0.000155486996392486,0.0,0.0
CA_RMSE,0.039359627310544515,0.0,0.0
IMM_RMSE,0.03207894113226655,0.0,0.0
CA_std,0.039150484439991945,0.0,0.0
IMM_std,0.03186654382928015,0.0,0.0
CA_perc,79.88386345529203,0.0,0.0
IMM_perc,77.21885150456579,0.0,0.0
