Metric,PICK-&-PLACE,WALKING,PASSING-BY
CA_error,-0.002086916579959334,0.0,0.0
IMM_error,0.14900445517899955,0.0,0.0
CA_RMSE,3.8734062791088006,0.0,0.0
IMM_RMSE,2.6895841961254345,0.0,0.0
CA_std,3.5697776414935602,0.0,0.0
IMM_std,2.5420737415510413,0.0,0.0
CA_perc,19.329533615247904,0.0,0.0
IMM_perc,19.05007047864191,0.0,0.0
