Metric,PICK-&-PLACE,WALKING,PASSING-BY
CA_error,-0.006534107079002419,0.0,0.0
IMM_error,0.008544924393594396,0.0,0.0
CA_RMSE,0.20071935539169183,0.0,0.0
IMM_RMSE,0.20607505388081926,0.0,0.0
CA_std,0.17748348127579885,0.0,0.0
IMM_std,0.18427303388458668,0.0,0.0
CA_perc,61.6511409368552,0.0,0.0
IMM_perc,63.48251312537028,0.0,0.0
