Metric,PICK-&-PLACE,WALKING,PASSING-BY
CA_error,0.0006559988472671411,0.0,0.0
IMM_error,-0.0005004029394706053,0.0,0.0
CA_RMSE,0.07842212175400777,0.0,0.0
IMM_RMSE,0.06120605615430069,0.0,0.0
CA_std,0.07774718197295506,0.0,0.0
IMM_std,0.060730653264252865,0.0,0.0
CA_perc,67.84764356192927,0.0,0.0
IMM_perc,65.73542930685788,0.0,0.0
