Metric,PICK-&-PLACE,WALKING,PASSING-BY
CA_error,-0.002960278964231653,0.0,0.0
IMM_error,-0.001327965344510718,0.0,0.0
CA_RMSE,0.032737494356963596,0.0,0.0
IMM_RMSE,0.028951321284211667,0.0,0.0
CA_std,0.03079871284997603,0.0,0.0
IMM_std,0.02802203424193529,0.0,0.0
CA_perc,94.93386243386243,0.0,0.0
IMM_perc,94.9206349206349,0.0,0.0
