Metric,PICK-&-PLACE,WALKING,PASSING-BY
CA_error,-0.000263344657373518,0.0,0.0
IMM_error,-0.0055590245702083095,0.0,0.0
CA_RMSE,0.1301145784128059,0.0,0.0
IMM_RMSE,0.159226250108666,0.0,0.0
CA_std,0.11936846048382381,0.0,0.0
IMM_std,0.1501880982349908,0.0,0.0
CA_perc,66.50352733686067,0.0,0.0
IMM_perc,69.35846560846562,0.0,0.0
