Metric,PICK-&-PLACE,WALKING,PASSING-BY
CA_error,-0.0017795103891464759,0.0,0.0
IMM_error,0.006070844617808831,0.0,0.0
CA_RMSE,0.12927978195575374,0.0,0.0
IMM_RMSE,0.1484788939435816,0.0,0.0
CA_std,0.11745526311031067,0.0,0.0
IMM_std,0.13729569606102296,0.0,0.0
CA_perc,67.8045903045903,0.0,0.0
IMM_perc,69.54316561459419,0.0,0.0
