Metric,PICK-&-PLACE,WALKING,PASSING-BY
CA_error,-0.00022957135154530028,0.0,0.0
IMM_error,-0.000345562372049979,0.0,0.0
CA_RMSE,0.009316875781996236,0.0,0.0
IMM_RMSE,0.007529540103972919,0.0,0.0
CA_std,0.009192618517118658,0.0,0.0
IMM_std,0.007398188588694059,0.0,0.0
CA_perc,95.83655083655083,0.0,0.0
IMM_perc,93.78378378378379,0.0,0.0
