Metric,PICK-&-PLACE,WALKING,PASSING-BY
CA_error,0.0011379196897939672,0.0,0.0
IMM_error,-0.001153608471682955,0.0,0.0
CA_RMSE,0.06743830066620159,0.0,0.0
IMM_RMSE,0.10724823398662342,0.0,0.0
CA_std,0.06462739954136662,0.0,0.0
IMM_std,0.10357904110094751,0.0,0.0
CA_perc,75.77821869488538,0.0,0.0
IMM_perc,79.51278659611994,0.0,0.0
