Metric,PICK-&-PLACE,WALKING,PASSING-BY
CA_error,0.00031698349510568465,0.0,0.0
IMM_error,-0.0002748403453557173,0.0,0.0
CA_RMSE,0.009200709617779617,0.0,0.0
IMM_RMSE,0.007107924020235065,0.0,0.0
CA_std,0.009110793301371276,0.0,0.0
IMM_std,0.007044380367144602,0.0,0.0
CA_perc,96.71957671957671,0.0,0.0
IMM_perc,96.87830687830687,0.0,0.0
