Metric,PICK-&-PLACE,WALKING,PASSING-BY
CA_error,-0.006397795850235193,0.0,0.0
IMM_error,-0.009872981603682914,0.0,0.0
CA_RMSE,0.17288941819084255,0.0,0.0
IMM_RMSE,0.19849970514283136,0.0,0.0
CA_std,0.15374276259036312,0.0,0.0
IMM_std,0.17964342355274407,0.0,0.0
CA_perc,61.790123456790106,0.0,0.0
IMM_perc,64.50396825396825,0.0,0.0
