Metric,PICK-&-PLACE,WALKING,PASSING-BY
CA_error,-0.0010012724613448574,0.0,0.0
IMM_error,-0.0013715601617327415,0.0,0.0
CA_RMSE,0.03682393668587192,0.0,0.0
IMM_RMSE,0.028634065371746526,0.0,0.0
CA_std,0.036228575778680945,0.0,0.0
IMM_std,0.02805764663883811,0.0,0.0
CA_perc,84.80296623153767,0.0,0.0
IMM_perc,81.47239075810504,0.0,0.0
