Metric,PICK-&-PLACE,WALKING,PASSING-BY
CA_error,-0.018260159798814266,0.0,0.0
IMM_error,-0.0006993105743175,0.0,0.0
CA_RMSE,0.17943302953500107,0.0,0.0
IMM_RMSE,0.20675205895020024,0.0,0.0
CA_std,0.15475621864919556,0.0,0.0
IMM_std,0.18886634729390842,0.0,0.0
CA_perc,61.840003268574684,0.0,0.0
IMM_perc,62.226665440951166,0.0,0.0
