Metric,PICK-&-PLACE,WALKING,PASSING-BY
CA_error,0.00029635833184971035,0.0,0.0
IMM_error,0.004202895273466592,0.0,0.0
CA_RMSE,0.04946097615246581,0.0,0.0
IMM_RMSE,0.07384904024487708,0.0,0.0
CA_std,0.04594524036241603,0.0,0.0
IMM_std,0.07008658729123939,0.0,0.0
CA_perc,80.15581908439052,0.0,0.0
IMM_perc,81.86957365528795,0.0,0.0
