Metric,PICK-&-PLACE,WALKING,PASSING-BY
CA_error,-0.002407806965609208,0.0,0.0
IMM_error,-0.0031255323073934907,0.0,0.0
CA_RMSE,0.07554699112306526,0.0,0.0
IMM_RMSE,0.05553412963088145,0.0,0.0
CA_std,0.07392690725926658,0.0,0.0
IMM_std,0.05407465875147168,0.0,0.0
CA_perc,75.32665318379604,0.0,0.0
IMM_perc,73.05632162775021,0.0,0.0
