Metric,PICK-&-PLACE,WALKING,PASSING-BY
CA_error,-0.009707267369933634,0.0,0.0
IMM_error,0.0005177593006343134,0.0,0.0
CA_RMSE,0.11847741879073732,0.0,0.0
IMM_RMSE,0.14499168252303438,0.0,0.0
CA_std,0.10574549259182342,0.0,0.0
IMM_std,0.13611701616056746,0.0,0.0
CA_perc,67.75326346754917,0.0,0.0
IMM_perc,68.76355947784519,0.0,0.0
